vehicle_id,class,direction,first_seen_s,last_seen_s,duration_s,mean_kmh,max_kmh,over_limit
3,car,->,0.0,0.9,0.9,4.4,4.6,False
5,car,->,0.0,2.9,2.9,5.3,7.2,False
1,car,->,0.0,4.0,4.0,9.5,18.5,False
2,car,->,0.0,5.1,5.1,22.2,44.9,False
9,bus,->,0.4,0.7,0.4,39.8,39.9,False
11,car,->,0.6,6.3,5.7,21.6,55.2,False
19,car,R->L,2.2,3.6,1.3,44.5,52.0,False
23,car,->,2.6,10.0,7.4,15.7,35.3,False
30,car,->,3.3,8.8,5.4,21.3,50.4,False
31,car,->,3.6,4.0,0.4,42.9,43.0,False
33,car,R->L,5.6,7.0,1.4,48.4,56.9,False
35,car,->,6.4,12.2,5.8,20.8,50.8,False
39,car,->,7.0,11.3,4.2,17.4,30.6,False
41,car,->,7.1,7.6,0.5,37.4,39.3,False
45,car,->,7.5,13.1,5.6,23.6,54.3,False
50,car,->,10.8,18.3,7.5,17.0,46.5,False
54,car,->,12.8,19.7,7.0,19.4,43.4,False
57,bus,->,13.1,41.2,28.1,6.2,38.0,False
64,truck,L->R,14.7,15.6,0.9,55.1,57.2,False
70,car,->,15.5,20.7,5.2,17.2,39.1,False
72,car,->,16.1,22.4,6.3,18.9,36.5,False
77,car,L->R,17.4,18.0,0.6,21.7,26.5,False
79,car,->,17.7,27.1,9.4,15.0,51.5,False
82,car,->,18.2,25.7,7.6,17.6,37.2,False
86,car,R->L,18.8,19.4,0.6,30.8,30.8,False
88,car,->,19.3,27.9,8.6,15.4,41.7,False
92,car,->,19.9,24.8,4.9,22.1,40.1,False
93,car,->,20.3,29.6,9.3,15.7,36.7,False
99,car,->,21.6,31.8,10.3,12.7,45.7,False
102,car,->,24.3,38.5,14.2,9.9,35.7,False
106,car,L->R,25.6,35.4,9.7,16.5,43.3,False
107,bus,->,25.7,47.5,21.8,7.8,32.0,False
110,car,->,26.8,32.8,5.9,21.3,46.9,False
112,truck,->,26.9,27.2,0.3,48.4,48.4,False
113,car,->,27.3,27.6,0.3,39.2,39.2,False
118,car,->,28.7,40.9,12.2,12.6,35.4,False
123,car,->,29.6,37.0,7.5,18.3,49.2,False
126,car,->,29.8,40.2,10.3,12.6,38.8,False
136,car,->,30.7,42.4,11.7,12.2,27.8,False
148,car,R->L,32.4,37.6,5.2,22.5,53.5,False
154,car,->,33.2,44.3,11.1,12.8,46.1,False
157,bus,R->L,33.4,47.6,14.1,7.9,19.9,False
162,bus,R->L,34.4,40.8,6.4,19.9,47.6,False
165,car,R->L,34.7,44.6,9.9,12.7,27.7,False
169,car,R->L,35.2,35.6,0.4,6.7,6.8,False
171,car,->,35.7,42.8,7.1,15.7,38.1,False
176,truck,R->L,36.6,37.5,1.0,20.6,25.9,False
178,car,->,36.8,42.3,5.5,19.4,39.7,False
192,truck,L->R,37.5,38.0,0.5,14.1,16.9,False
199,car,->,38.0,44.1,6.1,16.3,33.7,False
200,car,R->L,38.0,44.2,6.2,21.0,49.4,False
204,car,R->L,38.8,42.2,3.3,29.8,47.4,False
205,truck,R->L,39.6,40.4,0.8,22.1,25.6,False
208,car,->,40.0,46.7,6.7,17.4,36.3,False
213,bus,->,41.0,47.6,6.6,14.5,26.6,False
214,car,R->L,41.0,46.5,5.5,21.6,46.5,False
218,car,->,41.5,41.8,0.3,4.7,4.7,False
221,car,->,41.9,47.6,5.6,19.6,39.4,False
228,car,->,42.7,47.6,4.8,23.0,41.5,False
229,car,R->L,43.0,47.6,4.6,13.2,33.9,False
242,car,->,45.4,46.2,0.8,2.1,2.1,False
243,bus,R->L,45.4,47.6,2.1,9.5,9.9,False
252,car,->,46.4,47.6,1.2,8.4,8.6,False
